﻿{"cameraMode":{"drawMode":0,"name":"Shaded","section":"Shading Mode"},"sceneLighting":false,"audioPlay":false,"sceneViewState":{"showFog":true,"showMaterialUpdate":false,"showSkybox":false,"showFlares":true,"showImageEffects":true,"showParticleSystems":true},"in2DMode":false,"pivot":{"x":21.499027252197267,"y":0.989334225654602,"z":14.489206314086914},"rotation":{"x":-0.2603927552700043,"y":-0.737544596195221,"z":0.4715043306350708,"w":-0.40731731057167055},"size":12.119100570678711,"orthographic":false}