﻿{"cameraMode":{"drawMode":0,"name":"Shaded","section":"Shading Mode"},"sceneLighting":false,"audioPlay":false,"sceneViewState":{"showFog":true,"showMaterialUpdate":false,"showSkybox":false,"showFlares":true,"showImageEffects":true,"showParticleSystems":true},"in2DMode":false,"pivot":{"x":24.350000381469728,"y":1.500666618347168,"z":14.506999969482422},"rotation":{"x":0.3911728262901306,"y":0.4838017225265503,"z":-0.255764901638031,"w":0.7399351596832275},"size":13.785881042480469,"orthographic":false}