﻿{"cameraMode":{"drawMode":0,"name":"Shaded","section":"Shading Mode"},"sceneLighting":false,"audioPlay":false,"sceneViewState":{"showFog":true,"showMaterialUpdate":false,"showSkybox":false,"showFlares":true,"showImageEffects":true,"showParticleSystems":true},"in2DMode":false,"pivot":{"x":2.059999942779541,"y":2.390000104904175,"z":-0.699999988079071},"rotation":{"x":-0.09756170213222504,"y":-0.24414806067943574,"z":0.02469800040125847,"w":-0.964501678943634},"size":1.7573654651641846,"orthographic":false}