﻿{"cameraMode":{"drawMode":0,"name":"Shaded","section":"Shading Mode"},"sceneLighting":true,"audioPlay":false,"sceneViewState":{"showFog":true,"showMaterialUpdate":false,"showSkybox":true,"showFlares":true,"showImageEffects":true,"showParticleSystems":true},"in2DMode":false,"pivot":{"x":445.9839172363281,"y":276.8739013671875,"z":-131.2369384765625},"rotation":{"x":0.01681017503142357,"y":-0.004351383540779352,"z":0.0000617227706243284,"w":0.999849259853363},"size":460.39990234375,"orthographic":false}